id	rate
01001	21.1
01003	16.6
01005	20.8
01007	26.1
01009	16.5
01011	0.0
01013	15.2
01015	12.0
01017	23.7
01019	17.5
01021	16.8
01023	25.5
01025	19.2
01027	23.4
01029	16.6
01031	15.8
01033	16.8
01035	30.9
01037	23.5
01039	20.0
01041	20.1
01043	14.3
01045	20.7
01047	22.7
01049	14.9
01051	20.2
01053	15.8
01055	18.7
01057	24.5
01059	19.7
01061	16.6
01063	0.0
01065	25.9
01067	30.3
01069	19.3
01071	20.1
01073	16.1
01075	0.0
01077	17.9
01079	14.2
01081	14.6
01083	20.7
01085	0.0
01087	21.6
01089	17.6
01091	18.8
01093	18.9
01095	16.7
01097	17.3
01099	0.0
01101	17.6
01103	17.9
01105	0.0
01107	20.9
01109	15.6
01111	16.2
01113	20.3
01115	17.7
01117	17.3
01119	18.4
01121	17.1
01123	21.1
01125	19.7
01127	21.0
01129	17.7
01131	0.0
01133	16.9
02013	0.0
02016	0.0
02020	18.7
02050	0.0
02060	0.0
02068	0.0
02070	0.0
02090	12.3
02100	0.0
02110	10.3
02122	18.1
02130	0.0
02150	0.0
02164	0.0
02170	20.8
02180	0.0
02185	0.0
02188	0.0
02201	0.0
02220	0.0
02232	0.0
02240	0.0
02261	0.0
02270	0.0
02280	0.0
02282	0.0
02290	0.0
04001	21.8
04003	15.3
04005	15.6
04007	18.4
04009	19.4
04011	0.0
04012	13.9
04013	14.9
04015	18.7
04017	18.2
04019	16.6
04021	16.4
04023	18.6
04025	15.2
04027	17.8
05001	18.7
05003	20.9
05005	16.3
05007	16.3
05009	18.3
05011	0.0
05013	0.0
05015	14.9
05017	23.0
05019	25.5
05021	25.9
05023	15.8
05025	32.5
05027	14.7
05029	18.3
05031	26.4
05033	23.4
05035	21.1
05037	17.6
05039	0.0
05041	0.0
05043	20.0
05045	18.8
05047	15.7
05049	27.3
05051	18.6
05053	29.8
05055	25.1
05057	18.2
05059	20.5
05061	0.0
05063	18.7
05065	16.5
05067	20.4
05069	16.7
05071	25.6
05073	0.0
05075	19.7
05077	0.0
05079	0.0
05081	24.8
05083	15.5
05085	19.8
05087	17.1
05089	16.3
05091	20.3
05093	13.8
05095	0.0
05097	24.5
05099	0.0
05101	0.0
05103	21.9
05105	24.7
05107	14.9
05109	0.0
05111	26.2
05113	17.2
05115	15.9
05117	0.0
05119	18.8
05121	33.7
05123	18.1
05125	21.2
05127	0.0
05129	0.0
05131	20.3
05133	0.0
05135	18.1
05137	22.2
05139	20.2
05141	22.2
05143	16.4
05145	22.3
05147	0.0
05149	24.4
06001	12.5
06003	0.0
06005	15.5
06007	13.9
06009	16.1
06011	19.3
06013	14.3
06015	13.7
06017	15.4
06019	17.0
06021	18.9
06023	14.4
06025	20.0
06027	0.0
06029	18.4
06031	15.1
06033	12.8
06035	13.9
06037	13.8
06039	16.4
06041	11.0
06043	11.2
06045	17.8
06047	16.2
06049	0.0
06051	0.0
06053	12.2
06055	19.2
06057	12.4
06059	13.0
06061	15.7
06063	15.2
06065	14.6
06067	16.3
06069	15.6
06071	16.6
06073	14.7
06075	12.2
06077	16.3
06079	13.6
06081	14.4
06083	15.1
06085	13.0
06087	11.5
06089	13.5
06091	0.0
06093	15.1
06095	18.4
06097	13.7
06099	17.3
06101	15.0
06103	19.4
06105	0.0
06107	16.7
06109	13.7
06111	14.1
06113	15.6
06115	18.8
08001	17.3
08003	0.0
08005	13.9
08007	0.0
08009	0.0
08011	0.0
08013	11.2
08015	0.0
08017	0.0
08019	0.0
08021	0.0
08023	0.0
08025	0.0
08027	0.0
08029	11.9
08031	14.5
08033	0.0
08035	12.1
08037	8.7
08039	16.7
08041	14.1
08043	13.4
08045	7.8
08047	0.0
08049	0.0
08051	0.0
08053	0.0
08055	0.0
08057	0.0
08059	13.8
08061	0.0
08063	0.0
08065	0.0
08067	10.3
08069	13.6
08071	23.6
08073	0.0
08075	15.5
08077	12.3
08079	0.0
08081	0.0
08083	16.2
08085	15.1
08087	19.5
08089	17.4
08091	0.0
08093	0.0
08095	0.0
08097	0.0
08099	0.0
08101	18.1
08103	0.0
08105	0.0
08107	13.2
08109	0.0
08111	0.0
08113	0.0
08115	0.0
08117	0.0
08119	10.2
08121	0.0
08123	17.4
08125	0.0
09001	14.3
09003	16.4
09005	15.8
09007	13.9
09009	16.3
09011	18.6
09013	14.7
09015	17.2
10001	18.8
10003	16.5
10005	16.9
12001	17.3
12003	16.1
12005	18.4
12007	12.2
12009	15.9
12011	13.2
12013	0.0
12015	11.9
12017	14.3
12019	19.2
12021	7.4
12023	17.9
12027	11.6
12029	15.8
12031	19.3
12033	17.8
12035	16.0
12037	0.0
12039	21.6
12041	15.5
12043	0.0
12045	0.0
12047	19.3
12049	16.4
12051	16.2
12053	16.1
12055	11.7
12057	17.0
12059	0.0
12061	13.2
12063	11.0
12065	0.0
12067	0.0
12069	16.1
12071	12.2
12073	14.1
12075	13.5
12077	0.0
12079	18.6
12081	12.5
12083	16.9
12085	13.8
12086	13.1
12087	13.0
12089	17.5
12091	15.9
12093	17.9
12095	14.5
12097	14.8
12099	12.5
12101	16.6
12103	14.2
12105	16.5
12107	20.9
12109	13.7
12111	16.4
12113	16.3
12115	12.2
12117	13.7
12119	15.2
12121	12.4
12123	18.7
12125	35.3
12127	14.7
12129	16.3
12131	13.3
12133	16.3
13001	19.8
13003	0.0
13005	23.2
13007	0.0
13009	10.7
13011	15.2
13013	18.3
13015	18.2
13017	16.9
13019	17.6
13021	18.6
13023	0.0
13025	19.8
13027	29.1
13029	23.0
13031	15.3
13033	16.6
13035	18.9
13037	0.0
13039	15.8
13043	0.0
13045	20.8
13047	12.0
13049	0.0
13051	15.8
13053	0.0
13055	23.4
13057	17.5
13059	15.4
13061	0.0
13063	18.1
13065	0.0
13067	15.1
13069	11.3
13071	18.7
13073	13.9
13075	18.0
13077	14.8
13079	0.0
13081	24.3
13083	16.9
13085	13.1
13087	18.0
13089	16.3
13091	13.6
13093	0.0
13095	16.9
13097	18.0
13099	0.0
13101	0.0
13103	25.0
13105	0.0
13107	0.0
13109	0.0
13111	21.8
13113	12.4
13115	24.2
13117	15.2
13119	15.7
13121	16.1
13123	14.9
13125	0.0
13127	14.3
13129	23.8
13131	20.7
13133	14.5
13135	14.3
13137	16.8
13139	15.8
13141	0.0
13143	26.2
13145	12.7
13147	20.2
13149	0.0
13151	18.0
13153	16.8
13155	0.0
13157	16.5
13159	21.5
13161	23.1
13163	24.2
13165	0.0
13167	0.0
13169	22.1
13171	19.7
13173	31.8
13175	16.8
13177	15.7
13179	18.0
13181	0.0
13183	0.0
13185	18.7
13187	16.2
13189	20.8
13191	0.0
13193	0.0
13195	16.9
13197	0.0
13199	0.0
13201	0.0
13205	17.3
13207	14.8
13209	0.0
13211	22.8
13213	18.3
13215	14.8
13217	19.6
13219	20.4
13221	0.0
13223	18.5
13225	19.2
13227	26.1
13229	0.0
13231	0.0
13233	19.3
13235	0.0
13237	16.3
13239	0.0
13241	0.0
13243	0.0
13245	17.8
13247	19.3
13249	0.0
13251	0.0
13253	0.0
13255	17.5
13257	15.0
13259	0.0
13261	17.9
13263	0.0
13265	0.0
13267	17.3
13269	0.0
13271	0.0
13273	0.0
13275	23.7
13277	21.4
13279	17.2
13281	15.7
13283	0.0
13285	21.4
13287	0.0
13289	28.3
13291	17.1
13293	16.0
13295	12.4
13297	20.2
13299	14.0
13301	0.0
13303	20.9
13305	27.4
13307	0.0
13309	0.0
13311	15.6
13313	15.7
13315	0.0
13317	0.0
13319	0.0
13321	18.3
15001	11.5
15003	13.9
15007	10.0
15009	13.8
16001	15.1
16003	0.0
16005	12.8
16007	0.0
16009	25.7
16011	14.4
16013	10.9
16015	0.0
16017	12.4
16019	16.1
16021	0.0
16023	0.0
16025	0.0
16027	21.6
16029	0.0
16031	17.7
16033	0.0
16035	0.0
16037	0.0
16039	20.5
16041	0.0
16043	0.0
16045	17.7
16047	22.1
16049	16.1
16051	0.0
16053	20.5
16055	18.3
16057	15.5
16059	0.0
16061	0.0
16063	0.0
16065	0.0
16067	14.9
16069	16.6
16071	0.0
16073	0.0
16075	15.5
16077	0.0
16079	23.4
16081	0.0
16083	15.0
16085	0.0
16087	0.0
17001	19.5
17003	0.0
17005	16.8
17007	16.7
17009	0.0
17011	21.1
17013	0.0
17015	15.7
17017	42.8
17019	15.7
17021	32.2
17023	21.5
17025	30.6
17027	21.2
17029	23.6
17031	16.1
17033	23.2
17035	0.0
17037	22.3
17039	17.3
17041	16.6
17043	16.2
17045	0.0
17047	0.0
17049	19.9
17051	19.6
17053	0.0
17055	22.0
17057	25.0
17059	0.0
17061	41.3
17063	24.5
17065	37.1
17067	24.4
17069	0.0
17071	0.0
17073	23.1
17075	20.7
17077	20.3
17079	0.0
17081	20.4
17083	18.4
17085	19.9
17087	23.2
17089	16.5
17091	22.4
17093	17.8
17095	21.9
17097	16.3
17099	21.0
17101	20.5
17103	17.8
17105	19.4
17107	16.4
17109	14.0
17111	16.7
17113	16.3
17115	21.7
17117	22.7
17119	24.2
17121	24.4
17123	16.1
17125	20.6
17127	22.6
17129	32.5
17131	16.6
17133	20.1
17135	26.6
17137	25.0
17139	20.6
17141	20.2
17143	22.9
17145	19.4
17147	0.0
17149	15.2
17151	0.0
17153	0.0
17155	0.0
17157	28.4
17159	19.2
17161	16.5
17163	21.3
17165	26.2
17167	25.0
17169	0.0
17171	0.0
17173	18.2
17175	0.0
17177	17.9
17179	19.2
17181	17.3
17183	22.3
17185	24.5
17187	22.2
17189	0.0
17191	21.6
17193	26.3
17195	19.9
17197	17.9
17199	24.7
17201	19.2
17203	16.8
18001	14.5
18003	15.0
18005	17.1
18007	0.0
18009	0.0
18011	14.8
18013	13.8
18015	14.3
18017	19.4
18019	22.6
18021	17.2
18023	25.9
18025	0.0
18027	21.9
18029	18.8
18031	20.0
18033	15.1
18035	17.5
18037	23.2
18039	17.3
18041	19.1
18043	23.4
18045	19.0
18047	15.8
18049	12.5
18051	22.3
18053	20.4
18055	19.0
18057	15.3
18059	20.1
18061	16.6
18063	17.8
18065	18.4
18067	19.9
18069	15.7
18071	22.4
18073	14.3
18075	21.2
18077	20.9
18079	20.7
18081	18.6
18083	19.2
18085	18.1
18087	10.2
18089	20.1
18091	18.8
18093	16.5
18095	19.6
18097	18.6
18099	14.8
18101	28.8
18103	16.7
18105	17.1
18107	17.1
18109	24.3
18111	0.0
18113	13.3
18115	0.0
18117	17.1
18119	25.0
18121	16.7
18123	13.2
18125	30.2
18127	19.9
18129	28.3
18131	21.0
18133	27.2
18135	15.4
18137	19.6
18139	23.9
18141	16.6
18143	21.4
18145	27.0
18147	23.5
18149	26.8
18151	13.1
18153	23.3
18155	0.0
18157	16.1
18159	27.5
18161	0.0
18163	22.1
18165	34.0
18167	19.5
18169	16.8
18171	0.0
18173	22.2
18175	24.5
18177	17.1
18179	22.0
18181	16.8
18183	14.2
19001	0.0
19003	0.0
19005	15.8
19007	18.7
19009	0.0
19011	17.3
19013	19.9
19015	21.4
19017	20.6
19019	18.4
19021	0.0
19023	17.3
19025	23.4
19027	21.1
19029	0.0
19031	23.2
19033	29.1
19035	0.0
19037	0.0
19039	0.0
19041	17.2
19043	14.6
19045	19.8
19047	16.7
19049	18.3
19051	0.0
19053	0.0
19055	0.0
19057	19.4
19059	17.2
19061	17.6
19063	0.0
19065	20.6
19067	27.8
19069	24.3
19071	0.0
19073	28.4
19075	18.7
19077	21.5
19079	19.8
19081	0.0
19083	25.8
19085	0.0
19087	16.8
19089	0.0
19091	0.0
19093	0.0
19095	0.0
19097	26.4
19099	21.2
19101	0.0
19103	16.4
19105	22.7
19107	24.2
19109	19.4
19111	18.2
19113	18.9
19115	0.0
19117	0.0
19119	0.0
19121	21.2
19123	17.6
19125	14.4
19127	17.4
19129	0.0
19131	0.0
19133	23.8
19135	0.0
19137	0.0
19139	23.1
19141	0.0
19143	0.0
19145	26.1
19147	29.9
19149	21.4
19151	0.0
19153	18.5
19155	22.3
19157	12.9
19159	0.0
19161	0.0
19163	18.6
19165	28.6
19167	18.2
19169	15.6
19171	25.6
19173	0.0
19175	0.0
19177	0.0
19179	25.3
19181	19.2
19183	13.8
19185	0.0
19187	18.6
19189	18.8
19191	14.1
19193	18.5
19195	36.1
19197	0.0
20001	0.0
20003	0.0
20005	0.0
20007	0.0
20009	0.0
20011	0.0
20013	0.0
20015	0.0
20017	0.0
20019	0.0
20021	0.0
20023	0.0
20025	0.0
20027	0.0
20029	0.0
20031	0.0
20033	0.0
20035	0.0
20037	0.0
20039	0.0
20041	0.0
20043	0.0
20045	0.0
20047	0.0
20049	0.0
20051	0.0
20053	0.0
20055	0.0
20057	0.0
20059	0.0
20061	0.0
20063	0.0
20065	0.0
20067	0.0
20069	0.0
20071	0.0
20073	0.0
20075	0.0
20077	0.0
20079	0.0
20081	0.0
20083	0.0
20085	0.0
20087	0.0
20089	0.0
20091	0.0
20093	0.0
20095	0.0
20097	0.0
20099	0.0
20101	0.0
20103	0.0
20105	0.0
20107	0.0
20109	0.0
20111	0.0
20113	0.0
20115	0.0
20117	0.0
20119	0.0
20121	0.0
20123	0.0
20125	0.0
20127	0.0
20129	0.0
20131	0.0
20133	0.0
20135	0.0
20137	0.0
20139	0.0
20141	0.0
20143	0.0
20145	0.0
20147	0.0
20149	0.0
20151	0.0
20153	0.0
20155	0.0
20157	0.0
20159	0.0
20161	0.0
20163	0.0
20165	0.0
20167	0.0
20169	0.0
20171	0.0
20173	0.0
20175	0.0
20177	0.0
20179	0.0
20181	0.0
20183	0.0
20185	0.0
20187	0.0
20189	0.0
20191	0.0
20193	0.0
20195	0.0
20197	0.0
20199	0.0
20201	0.0
20203	0.0
20205	0.0
20207	0.0
20209	0.0
21001	0.0
21003	15.1
21005	22.7
21007	0.0
21009	22.3
21011	23.0
21013	17.5
21015	18.7
21017	20.7
21019	19.9
21021	16.8
21023	0.0
21025	0.0
21027	21.8
21029	20.6
21031	25.3
21033	0.0
21035	18.6
21037	17.7
21039	0.0
21041	28.1
21043	28.8
21045	21.1
21047	21.0
21049	21.4
21051	30.7
21053	24.1
21055	31.9
21057	0.0
21059	19.5
21061	32.9
21063	0.0
21065	19.7
21067	16.1
21069	0.0
21071	22.9
21073	20.4
21075	0.0
21077	0.0
21079	25.9
21081	21.3
21083	22.2
21085	24.6
21087	0.0
21089	26.4
21091	0.0
21093	23.5
21095	20.6
21097	16.3
21099	14.3
21101	23.2
21103	38.4
21105	0.0
21107	22.1
21109	24.8
21111	21.2
21113	18.3
21115	25.3
21117	18.4
21119	0.0
21121	24.8
21123	25.5
21125	22.1
21127	19.7
21129	0.0
21131	26.3
21133	21.2
21135	0.0
21137	23.4
21139	28.1
21141	14.9
21143	0.0
21145	20.1
21147	26.2
21149	29.7
21151	18.0
21153	27.3
21155	17.7
21157	16.7
21159	25.8
21161	23.9
21163	24.8
21165	0.0
21167	29.5
21169	0.0
21171	0.0
21173	21.2
21175	0.0
21177	24.1
21179	23.0
21181	0.0
21183	20.5
21185	21.0
21187	23.8
21189	0.0
21191	26.1
21193	14.1
21195	24.0
21197	33.8
21199	21.1
21201	0.0
21203	33.7
21205	13.2
21207	15.2
21209	21.6
21211	19.5
21213	23.5
21215	21.7
21217	15.9
21219	0.0
21221	0.0
21223	0.0
21225	20.5
21227	18.3
21229	0.0
21231	13.5
21233	23.9
21235	17.5
21237	0.0
21239	23.1
22001	23.3
22003	35.2
22005	22.1
22007	16.9
22009	18.8
22011	16.8
22013	26.6
22015	19.2
22017	18.9
22019	21.8
22021	30.6
22023	0.0
22025	26.0
22027	16.6
22029	25.2
22031	19.0
22033	19.5
22035	0.0
22037	24.1
22039	25.9
22041	26.1
22043	18.2
22045	25.2
22047	26.2
22049	21.2
22051	23.1
22053	22.0
22055	23.0
22057	24.6
22059	22.9
22061	25.9
22063	22.9
22065	27.7
22067	26.9
22069	17.2
22071	17.3
22073	18.2
22075	19.3
22077	27.2
22079	19.6
22081	0.0
22083	19.3
22085	23.7
22087	18.8
22089	17.3
22091	32.4
22093	24.4
22095	29.3
22097	26.1
22099	25.5
22101	26.6
22103	22.4
22105	22.6
22107	0.0
22109	20.4
22111	19.9
22113	27.6
22115	27.4
22117	24.4
22119	22.2
22121	24.3
22123	23.5
22125	0.0
22127	22.8
23001	19.5
23003	16.4
23005	14.2
23007	16.2
23009	12.3
23011	16.6
23013	15.4
23015	16.1
23017	23.9
23019	17.7
23021	12.8
23023	15.8
23025	15.6
23027	20.3
23029	20.9
23031	17.1
24001	18.7
24003	13.6
24005	17.2
24009	18.3
24011	16.4
24013	15.2
24015	17.5
24017	15.7
24019	16.3
24021	16.7
24023	16.1
24025	19.1
24027	11.8
24029	13.1
24031	10.6
24033	12.8
24035	15.0
24037	14.9
24039	16.8
24041	13.2
24043	18.6
24045	17.9
24047	16.0
24510	17.8
25001	15.5
25003	15.2
25005	15.6
25007	0.0
25009	15.7
25011	11.8
25013	17.9
25015	13.8
25017	14.8
25019	0.0
25021	16.4
25023	17.9
25025	14.9
25027	17.8
26001	0.0
26003	0.0
26005	0.0
26007	0.0
26009	0.0
26011	0.0
26013	0.0
26015	0.0
26017	0.0
26019	0.0
26021	0.0
26023	0.0
26025	0.0
26027	0.0
26029	0.0
26031	0.0
26033	0.0
26035	0.0
26037	0.0
26039	0.0
26041	0.0
26043	0.0
26045	0.0
26047	0.0
26049	0.0
26051	0.0
26053	0.0
26055	0.0
26057	0.0
26059	0.0
26061	0.0
26063	0.0
26065	0.0
26067	0.0
26069	0.0
26071	0.0
26073	0.0
26075	0.0
26077	0.0
26079	0.0
26081	0.0
26083	0.0
26085	0.0
26087	0.0
26089	0.0
26091	0.0
26093	0.0
26095	0.0
26097	0.0
26099	19.0
26101	0.0
26103	0.0
26105	0.0
26107	0.0
26109	0.0
26111	0.0
26113	0.0
26115	0.0
26117	0.0
26119	0.0
26121	0.0
26123	0.0
26125	16.3
26127	0.0
26129	0.0
26131	0.0
26133	0.0
26135	0.0
26137	0.0
26139	0.0
26141	0.0
26143	0.0
26145	0.0
26147	0.0
26149	0.0
26151	0.0
26153	0.0
26155	0.0
26157	0.0
26159	0.0
26161	0.0
26163	19.0
26165	0.0
27001	0.0
27003	0.0
27005	0.0
27007	0.0
27009	0.0
27011	0.0
27013	0.0
27015	0.0
27017	0.0
27019	0.0
27021	0.0
27023	0.0
27025	0.0
27027	0.0
27029	0.0
27031	0.0
27033	0.0
27035	0.0
27037	0.0
27039	0.0
27041	0.0
27043	0.0
27045	0.0
27047	0.0
27049	0.0
27051	0.0
27053	0.0
27055	0.0
27057	0.0
27059	0.0
27061	0.0
27063	0.0
27065	0.0
27067	0.0
27069	0.0
27071	0.0
27073	0.0
27075	0.0
27077	0.0
27079	0.0
27081	0.0
27083	0.0
27085	0.0
27087	0.0
27089	0.0
27091	0.0
27093	0.0
27095	0.0
27097	0.0
27099	0.0
27101	0.0
27103	0.0
27105	0.0
27107	0.0
27109	0.0
27111	0.0
27113	0.0
27115	0.0
27117	0.0
27119	0.0
27121	0.0
27123	0.0
27125	0.0
27127	0.0
27129	0.0
27131	0.0
27133	0.0
27135	0.0
27137	0.0
27139	0.0
27141	0.0
27143	0.0
27145	0.0
27147	0.0
27149	0.0
27151	0.0
27153	0.0
27155	0.0
27157	0.0
27159	0.0
27161	0.0
27163	0.0
27165	0.0
27167	0.0
27169	0.0
27171	0.0
27173	0.0
28001	15.3
28003	23.6
28005	23.4
28007	18.4
28009	36.9
28011	28.2
28013	20.5
28015	0.0
28017	28.6
28019	26.6
28021	0.0
28023	16.2
28025	20.1
28027	23.1
28029	20.2
28031	25.2
28033	20.8
28035	19.8
28037	0.0
28039	19.7
28041	0.0
28043	18.7
28045	21.5
28047	19.6
28049	23.6
28051	36.3
28053	0.0
28055	0.0
28057	16.7
28059	20.5
28061	15.2
28063	0.0
28065	0.0
28067	15.4
28069	0.0
28071	13.5
28073	18.9
28075	15.0
28077	24.4
28079	26.5
28081	14.2
28083	21.4
28085	18.6
28087	18.6
28089	18.0
28091	21.7
28093	19.1
28095	17.6
28097	0.0
28099	22.9
28101	25.3
28103	30.3
28105	24.4
28107	21.9
28109	21.7
28111	0.0
28113	28.7
28115	19.1
28117	28.2
28119	0.0
28121	22.5
28123	18.5
28125	0.0
28127	20.2
28129	25.0
28131	20.7
28133	29.7
28135	24.2
28137	17.6
28139	33.5
28141	21.5
28143	0.0
28145	24.6
28147	0.0
28149	24.3
28151	26.7
28153	23.8
28155	0.0
28157	0.0
28159	26.3
28161	24.4
28163	29.5
29001	0.0
29003	21.3
29005	0.0
29007	14.5
29009	10.4
29011	0.0
29013	20.9
29015	16.2
29017	21.2
29019	17.4
29021	20.4
29023	26.9
29025	0.0
29027	24.4
29029	14.7
29031	21.9
29033	28.8
29035	0.0
29037	18.4
29039	23.0
29041	0.0
29043	14.6
29045	0.0
29047	20.0
29049	25.6
29051	18.8
29053	22.8
29055	27.1
29057	0.0
29059	17.6
29061	0.0
29063	0.0
29065	0.0
29067	17.5
29069	18.4
29071	20.5
29073	21.4
29075	0.0
29077	16.1
29079	0.0
29081	0.0
29083	25.0
29085	0.0
29087	0.0
29089	0.0
29091	18.6
29093	0.0
29095	19.1
29097	19.6
29099	19.1
29101	15.7
29103	0.0
29105	18.2
29107	18.5
29109	19.9
29111	22.9
29113	20.1
29115	20.5
29117	20.8
29119	14.3
29121	20.7
29123	29.4
29125	0.0
29127	19.1
29129	0.0
29131	15.1
29133	27.3
29135	0.0
29137	0.0
29139	20.4
29141	14.7
29143	26.1
29145	18.1
29147	22.5
29149	0.0
29151	0.0
29153	0.0
29155	0.0
29157	20.5
29159	15.4
29161	18.8
29163	17.1
29165	17.8
29167	15.2
29169	18.3
29171	0.0
29173	0.0
29175	17.5
29177	19.9
29179	0.0
29181	20.8
29183	17.9
29185	27.1
29186	19.9
29187	21.6
29189	17.5
29195	14.5
29197	0.0
29199	0.0
29201	27.7
29203	0.0
29205	0.0
29207	28.5
29209	12.7
29211	0.0
29213	13.4
29215	14.8
29217	25.4
29219	16.6
29221	24.0
29223	33.2
29225	17.7
29227	0.0
29229	18.6
29510	18.2
30001	0.0
30003	0.0
30005	0.0
30007	0.0
30009	22.0
30011	0.0
30013	14.6
30015	0.0
30017	0.0
30019	0.0
30021	0.0
30023	23.2
30025	0.0
30027	0.0
30029	18.0
30031	12.6
30033	0.0
30035	36.4
30037	0.0
30039	0.0
30041	17.8
30043	0.0
30045	0.0
30047	9.6
30049	17.9
30051	0.0
30053	20.6
30055	0.0
30057	0.0
30059	0.0
30061	0.0
30063	13.4
30065	0.0
30067	0.0
30069	0.0
30071	0.0
30073	0.0
30075	0.0
30077	0.0
30079	0.0
30081	19.1
30083	0.0
30085	35.7
30087	0.0
30089	0.0
30091	0.0
30093	16.0
30095	0.0
30097	0.0
30099	0.0
30101	0.0
30103	0.0
30105	0.0
30107	0.0
30109	0.0
30111	17.7
31001	10.4
31003	0.0
31005	0.0
31007	0.0
31009	0.0
31011	0.0
31013	0.0
31015	0.0
31017	0.0
31019	19.6
31021	0.0
31023	0.0
31025	23.0
31027	0.0
31029	0.0
31031	0.0
31033	0.0
31035	0.0
31037	0.0
31039	0.0
31041	0.0
31043	21.2
31045	0.0
31047	14.4
31049	0.0
31051	0.0
31053	19.1
31055	17.6
31057	0.0
31059	0.0
31061	0.0
31063	0.0
31065	0.0
31067	21.3
31069	0.0
31071	0.0
31073	0.0
31075	0.0
31077	0.0
31079	20.1
31081	0.0
31083	0.0
31085	0.0
31087	0.0
31089	0.0
31091	0.0
31093	0.0
31095	0.0
31097	0.0
31099	0.0
31101	26.1
31103	0.0
31105	0.0
31107	0.0
31109	16.4
31111	18.2
31113	0.0
31115	0.0
31117	0.0
31119	19.0
31121	0.0
31123	0.0
31125	0.0
31127	0.0
31129	0.0
31131	14.2
31133	0.0
31135	0.0
31137	0.0
31139	0.0
31141	16.8
31143	0.0
31145	0.0
31147	0.0
31149	0.0
31151	0.0
31153	16.7
31155	16.9
31157	22.5
31159	15.3
31161	0.0
31163	0.0
31165	0.0
31167	0.0
31169	0.0
31171	0.0
31173	0.0
31175	0.0
31177	15.6
31179	0.0
31181	0.0
31183	0.0
31185	18.4
32001	15.5
32003	13.7
32005	14.2
32007	11.7
32009	0.0
32011	0.0
32013	0.0
32015	0.0
32017	0.0
32019	15.4
32021	0.0
32023	16.5
32027	0.0
32029	0.0
32031	13.8
32033	0.0
32510	13.9
33001	16.0
33003	9.4
33005	13.8
33007	16.1
33009	13.5
33011	13.8
33013	19.2
33015	16.0
33017	16.5
33019	16.2
34001	18.2
34003	16.4
34005	20.4
34007	19.6
34009	17.7
34011	21.8
34013	12.7
34015	19.3
34017	11.8
34019	13.3
34021	17.1
34023	15.1
34025	16.7
34027	15.1
34029	17.7
34031	16.1
34033	18.0
34035	14.2
34037	15.6
34039	14.4
34041	16.3
35001	13.2
35003	0.0
35005	16.2
35006	22.0
35007	17.5
35009	14.4
35011	0.0
35013	16.1
35015	22.3
35017	15.8
35019	0.0
35021	0.0
35023	0.0
35025	18.5
35027	11.1
35028	0.0
35029	15.1
35031	21.5
35033	0.0
35035	18.2
35037	0.0
35039	14.2
35041	0.0
35043	14.3
35045	17.9
35047	11.5
35049	10.3
35051	0.0
35053	15.6
35055	12.7
35057	0.0
35059	0.0
35061	18.0
36001	18.6
36003	16.5
36005	16.8
36007	16.5
36009	17.5
36011	16.8
36013	17.7
36015	18.0
36017	18.5
36019	25.2
36021	18.5
36023	14.3
36025	17.0
36027	16.6
36029	18.7
36031	14.3
36033	17.2
36035	19.0
36037	19.8
36039	17.9
36041	0.0
36043	18.4
36045	21.9
36047	14.0
36049	18.4
36051	17.9
36053	18.1
36055	18.0
36057	21.0
36059	17.7
36061	12.3
36063	18.0
36065	16.9
36067	17.0
36069	17.2
36071	18.2
36073	21.6
36075	18.6
36077	18.6
36079	21.1
36081	13.1
36083	20.6
36085	19.0
36087	18.3
36089	15.7
36091	21.6
36093	17.0
36095	23.7
36097	12.7
36099	19.6
36101	15.7
36103	19.7
36105	18.5
36107	13.6
36109	12.1
36111	14.6
36113	21.2
36115	18.0
36117	23.5
36119	15.3
36121	21.7
36123	20.9
37001	19.6
37003	17.4
37005	23.7
37007	13.1
37009	17.2
37011	12.2
37013	20.3
37015	25.1
37017	16.3
37019	18.4
37021	15.1
37023	17.9
37025	17.2
37027	17.8
37029	0.0
37031	15.4
37033	24.7
37035	19.1
37037	13.6
37039	12.2
37041	21.3
37043	0.0
37045	22.8
37047	21.2
37049	20.3
37051	16.8
37053	15.4
37055	14.5
37057	19.7
37059	18.7
37061	20.3
37063	15.1
37065	17.7
37067	14.7
37069	16.9
37071	19.7
37073	0.0
37075	0.0
37077	21.8
37079	15.3
37081	16.8
37083	17.5
37085	16.6
37087	18.8
37089	16.1
37091	18.8
37093	17.8
37095	0.0
37097	15.4
37099	16.2
37101	17.6
37103	0.0
37105	14.4
37107	19.0
37109	18.9
37111	17.3
37113	15.3
37115	17.0
37117	18.9
37119	15.3
37121	15.6
37123	13.8
37125	20.0
37127	18.9
37129	17.3
37131	10.1
37133	17.1
37135	11.7
37137	15.1
37139	20.9
37141	15.3
37143	20.4
37145	16.0
37147	15.7
37149	16.3
37151	23.6
37153	21.9
37155	19.6
37157	19.9
37159	17.0
37161	23.6
37163	15.8
37165	23.0
37167	15.0
37169	18.7
37171	16.3
37173	33.5
37175	20.1
37177	0.0
37179	15.5
37181	22.7
37183	14.6
37185	21.1
37187	0.0
37189	10.7
37191	23.7
37193	18.5
37195	18.7
37197	18.0
37199	13.4
38001	0.0
38003	0.0
38005	0.0
38007	0.0
38009	0.0
38011	0.0
38013	0.0
38015	16.9
38017	17.9
38019	0.0
38021	0.0
38023	0.0
38025	0.0
38027	0.0
38029	0.0
38031	0.0
38033	0.0
38035	15.5
38037	0.0
38039	0.0
38041	0.0
38043	0.0
38045	0.0
38047	0.0
38049	0.0
38051	0.0
38053	0.0
38055	0.0
38057	0.0
38059	16.0
38061	0.0
38063	0.0
38065	0.0
38067	30.3
38069	0.0
38071	0.0
38073	0.0
38075	0.0
38077	18.7
38079	0.0
38081	0.0
38083	0.0
38085	0.0
38087	0.0
38089	0.0
38091	0.0
38093	18.9
38095	0.0
38097	0.0
38099	0.0
38101	17.1
38103	0.0
38105	10.8
39001	22.5
39003	19.0
39005	19.6
39007	14.7
39009	20.7
39011	19.2
39013	14.7
39015	16.6
39017	16.8
39019	19.2
39021	20.1
39023	20.3
39025	18.0
39027	20.0
39029	15.4
39031	16.5
39033	19.1
39035	16.7
39037	19.0
39039	16.1
39041	18.2
39043	18.2
39045	21.0
39047	23.9
39049	16.8
39051	15.3
39053	20.8
39055	12.1
39057	18.3
39059	13.1
39061	17.0
39063	16.9
39065	23.4
39067	15.7
39069	16.0
39071	18.5
39073	16.4
39075	15.3
39077	21.0
39079	21.0
39081	15.2
39083	17.3
39085	17.7
39087	21.0
39089	18.0
39091	17.0
39093	17.9
39095	16.3
39097	21.4
39099	15.1
39101	18.1
39103	18.6
39105	17.5
39107	15.1
39109	18.1
39111	18.7
39113	18.0
39115	0.0
39117	25.4
39119	16.5
39121	28.2
39123	19.0
39125	20.5
39127	17.2
39129	23.1
39131	17.3
39133	14.6
39135	19.3
39137	17.1
39139	16.8
39141	20.1
39143	17.9
39145	22.2
39147	19.5
39149	11.2
39151	15.6
39153	15.2
39155	15.3
39157	16.3
39159	17.0
39161	14.3
39163	20.1
39165	17.3
39167	25.8
39169	15.4
39171	17.2
39173	13.5
39175	14.8
40001	26.2
40003	0.0
40005	24.2
40007	0.0
40009	19.5
40011	0.0
40013	19.3
40015	27.7
40017	18.5
40019	14.5
40021	19.4
40023	22.7
40025	0.0
40027	18.4
40029	0.0
40031	17.5
40033	0.0
40035	25.9
40037	21.2
40039	17.0
40041	17.2
40043	0.0
40045	0.0
40047	20.1
40049	21.3
40051	15.3
40053	0.0
40055	0.0
40057	0.0
40059	0.0
40061	0.0
40063	21.4
40065	20.7
40067	0.0
40069	0.0
40071	20.9
40073	25.6
40075	26.0
40077	0.0
40079	13.6
40081	20.0
40083	20.9
40085	0.0
40087	23.5
40089	21.8
40091	18.6
40093	0.0
40095	16.8
40097	18.6
40099	16.8
40101	22.2
40103	22.5
40105	0.0
40107	30.1
40109	19.1
40111	27.0
40113	17.4
40115	25.2
40117	20.2
40119	14.5
40121	19.9
40123	19.3
40125	20.6
40127	17.0
40129	0.0
40131	21.6
40133	15.6
40135	17.4
40137	18.4
40139	0.0
40141	0.0
40143	20.2
40145	17.2
40147	16.4
40149	21.8
40151	0.0
40153	25.9
41001	0.0
41003	12.5
41005	16.5
41007	17.4
41009	16.8
41011	18.8
41013	24.5
41015	14.3
41017	14.8
41019	17.8
41021	0.0
41023	0.0
41025	0.0
41027	0.0
41029	18.3
41031	23.3
41033	17.1
41035	15.0
41037	0.0
41039	13.4
41041	14.5
41043	16.9
41045	12.2
41047	15.9
41049	0.0
41051	14.3
41053	15.9
41055	0.0
41057	12.0
41059	15.9
41061	26.5
41063	0.0
41065	19.6
41067	15.1
41069	0.0
41071	15.4
42001	14.0
42003	16.9
42005	16.8
42007	15.6
42009	18.2
42011	17.5
42013	16.1
42015	22.4
42017	17.9
42019	16.4
42021	18.6
42023	0.0
42025	19.1
42027	13.5
42029	15.1
42031	18.1
42033	14.5
42035	18.3
42037	15.4
42039	19.5
42041	17.0
42043	18.6
42045	17.0
42047	15.8
42049	18.2
42051	19.1
42053	0.0
42055	17.4
42057	0.0
42059	21.1
42061	17.2
42063	18.1
42065	20.3
42067	19.0
42069	16.1
42071	14.9
42073	17.8
42075	20.8
42077	18.6
42079	16.1
42081	18.1
42083	10.3
42085	18.1
42087	18.2
42089	17.2
42091	16.2
42093	17.0
42095	21.2
42097	17.5
42099	19.0
42101	21.5
42103	15.5
42105	0.0
42107	19.2
42109	14.0
42111	18.4
42113	0.0
42115	17.2
42117	17.6
42119	16.1
42121	16.8
42123	21.0
42125	17.3
42127	13.8
42129	17.4
42131	16.1
42133	16.8
44001	17.1
44003	17.3
44005	15.9
44007	16.4
44009	17.3
45001	17.6
45003	13.3
45005	0.0
45007	16.6
45009	21.2
45011	12.4
45013	11.4
45015	19.1
45017	14.6
45019	16.4
45021	19.4
45023	16.6
45025	22.2
45027	24.9
45029	20.1
45031	17.7
45033	18.2
45035	20.1
45037	15.6
45039	13.5
45041	21.7
45043	17.8
45045	17.1
45047	18.4
45049	0.0
45051	17.2
45053	14.8
45055	20.6
45057	17.4
45059	21.4
45061	13.9
45063	17.6
45065	17.0
45067	19.1
45069	17.0
45071	21.1
45073	16.6
45075	18.3
45077	21.1
45079	17.4
45081	13.7
45083	20.4
45085	18.4
45087	21.5
45089	19.9
45091	15.5
46003	0.0
46005	18.9
46007	0.0
46009	0.0
46011	0.0
46013	11.8
46015	0.0
46017	0.0
46019	0.0
46021	0.0
46023	0.0
46025	0.0
46027	0.0
46029	21.0
46031	0.0
46033	0.0
46035	13.5
46037	0.0
46039	0.0
46041	0.0
46043	0.0
46045	0.0
46047	0.0
46049	0.0
46051	0.0
46053	0.0
46055	0.0
46057	0.0
46059	0.0
46061	0.0
46063	0.0
46065	21.9
46067	0.0
46069	0.0
46071	0.0
46073	0.0
46075	0.0
46077	0.0
46079	0.0
46081	0.0
46083	17.1
46085	0.0
46087	0.0
46089	0.0
46091	0.0
46093	14.6
46095	0.0
46097	0.0
46099	20.6
46101	0.0
46103	14.2
46105	0.0
46107	0.0
46109	0.0
46111	0.0
46113	0.0
46115	0.0
46117	0.0
46119	0.0
46121	0.0
46123	0.0
46125	0.0
46127	25.0
46129	0.0
46135	17.1
46137	0.0
47001	19.7
47003	17.9
47005	13.7
47007	0.0
47009	19.2
47011	16.7
47013	23.4
47015	0.0
47017	31.8
47019	16.3
47021	24.2
47023	23.9
47025	21.2
47027	0.0
47029	22.8
47031	15.4
47033	19.6
47035	15.6
47037	16.6
47039	25.1
47041	0.0
47043	23.5
47045	18.6
47047	21.8
47049	18.6
47051	17.9
47053	20.7
47055	15.3
47057	19.0
47059	17.1
47061	0.0
47063	18.7
47065	17.7
47067	0.0
47069	15.4
47071	22.9
47073	14.8
47075	23.0
47077	20.9
47079	15.5
47081	20.4
47083	0.0
47085	25.4
47087	0.0
47089	17.7
47091	16.1
47093	19.4
47095	0.0
47097	15.1
47099	24.0
47101	0.0
47103	12.7
47105	22.8
47107	12.6
47109	22.9
47111	27.9
47113	17.9
47115	21.5
47117	21.5
47119	18.7
47121	36.1
47123	18.0
47125	17.6
47127	0.0
47129	17.2
47131	17.3
47133	13.8
47135	0.0
47137	0.0
47139	23.2
47141	16.7
47143	19.9
47145	14.8
47147	19.6
47149	19.0
47151	24.8
47153	23.8
47155	15.2
47157	19.8
47159	0.0
47161	24.1
47163	17.3
47165	17.6
47167	23.9
47169	0.0
47171	13.1
47173	23.1
47175	0.0
47177	14.8
47179	16.2
47181	0.0
47183	24.4
47185	21.6
47187	12.3
47189	14.7
48001	16.0
48003	29.2
48005	24.2
48007	16.9
48009	0.0
48011	0.0
48013	23.0
48015	12.9
48017	0.0
48019	15.2
48021	17.1
48023	0.0
48025	19.8
48027	23.8
48029	21.2
48031	0.0
48033	0.0
48035	20.2
48037	21.1
48039	17.6
48041	16.1
48043	0.0
48045	0.0
48047	0.0
48049	18.7
48051	17.3
48053	15.5
48055	20.5
48057	24.1
48059	25.0
48061	20.8
48063	21.3
48065	0.0
48067	22.0
48069	0.0
48071	20.6
48073	19.9
48075	0.0
48077	0.0
48079	0.0
48081	0.0
48083	23.5
48085	18.1
48087	0.0
48089	17.9
48091	15.2
48093	18.0
48095	0.0
48097	14.6
48099	21.9
48101	0.0
48103	0.0
48105	0.0
48107	0.0
48109	0.0
48111	0.0
48113	18.7
48115	34.1
48117	19.2
48119	0.0
48121	14.5
48123	25.2
48125	0.0
48127	0.0
48129	0.0
48131	0.0
48133	17.4
48135	18.3
48137	0.0
48139	27.1
48141	23.3
48143	19.6
48145	23.7
48147	25.0
48149	16.2
48151	0.0
48153	0.0
48155	0.0
48157	14.9
48159	0.0
48161	19.2
48163	22.4
48165	0.0
48167	15.9
48169	0.0
48171	18.5
48173	0.0
48175	0.0
48177	22.1
48179	14.9
48181	19.0
48183	22.4
48185	11.4
48187	22.4
48189	26.0
48191	0.0
48193	0.0
48195	0.0
48197	0.0
48199	19.4
48201	16.7
48203	12.4
48205	0.0
48207	0.0
48209	16.9
48211	0.0
48213	23.3
48215	16.3
48217	25.4
48219	16.9
48221	17.9
48223	24.6
48225	19.2
48227	16.7
48229	0.0
48231	22.4
48233	18.6
48235	0.0
48237	0.0
48239	29.0
48241	25.4
48243	0.0
48245	17.1
48247	0.0
48249	18.8
48251	21.0
48253	14.9
48255	0.0
48257	17.3
48259	10.7
48261	0.0
48263	0.0
48265	17.8
48267	0.0
48269	0.0
48271	0.0
48273	22.2
48275	0.0
48277	22.6
48279	19.4
48281	21.0
48283	0.0
48285	23.8
48287	0.0
48289	23.8
48291	17.6
48293	14.6
48295	0.0
48297	22.8
48299	21.4
48301	0.0
48303	21.1
48305	0.0
48307	0.0
48309	22.1
48311	0.0
48313	0.0
48315	18.7
48317	0.0
48319	0.0
48321	20.0
48323	22.8
48325	24.5
48327	0.0
48329	18.4
48331	23.6
48333	0.0
48335	0.0
48337	28.1
48339	15.1
48341	16.4
48343	16.6
48345	0.0
48347	12.4
48349	18.1
48351	17.5
48353	31.9
48355	22.2
48357	0.0
48359	0.0
48361	21.0
48363	12.7
48365	20.6
48367	23.1
48369	0.0
48371	19.7
48373	21.9
48375	18.3
48377	0.0
48379	19.4
48381	18.1
48383	0.0
48385	0.0
48387	18.7
48389	0.0
48391	0.0
48393	0.0
48395	17.2
48397	17.1
48399	0.0
48401	18.9
48403	0.0
48405	0.0
48407	19.4
48409	24.2
48411	0.0
48413	0.0
48415	22.5
48417	0.0
48419	19.4
48421	0.0
48423	21.3
48425	0.0
48427	19.5
48429	0.0
48431	0.0
48433	0.0
48435	0.0
48437	0.0
48439	19.5
48441	24.6
48443	0.0
48445	0.0
48447	0.0
48449	16.1
48451	26.6
48453	15.7
48455	11.9
48457	14.9
48459	21.4
48461	0.0
48463	22.6
48465	22.1
48467	21.7
48469	23.9
48471	17.7
48473	22.1
48475	0.0
48477	18.5
48479	20.7
48481	23.3
48483	0.0
48485	18.3
48487	26.9
48489	25.5
48491	17.4
48493	21.5
48495	0.0
48497	15.8
48499	23.8
48501	0.0
48503	21.2
48505	0.0
48507	26.8
49001	0.0
49003	13.5
49005	11.8
49007	12.8
49009	0.0
49011	13.6
49013	0.0
49015	0.0
49017	0.0
49019	0.0
49021	15.5
49023	0.0
49025	0.0
49027	0.0
49029	0.0
49031	0.0
49033	0.0
49035	13.9
49037	0.0
49039	0.0
49041	17.3
49043	13.2
49045	12.3
49047	14.9
49049	12.9
49051	15.5
49053	12.7
49055	0.0
49057	14.1
50001	10.7
50003	21.6
50005	18.4
50007	11.9
50009	0.0
50011	17.4
50013	0.0
50015	12.8
50017	13.0
50019	13.4
50021	12.9
50023	13.8
50025	16.7
50027	13.2
51001	17.8
51003	13.8
51005	23.0
51007	25.7
51009	15.9
51011	0.0
51013	9.5
51015	20.3
51017	0.0
51021	0.0
51023	19.3
51025	25.6
51027	0.0
51029	0.0
51031	16.6
51033	27.3
51035	8.2
51036	0.0
51037	0.0
51041	20.4
51043	0.0
51045	0.0
51047	16.9
51049	0.0
51051	0.0
51053	20.7
51057	30.2
51059	10.2
51061	15.1
51063	14.2
51065	14.1
51067	11.0
51069	15.1
51071	21.4
51073	17.5
51075	29.8
51077	0.0
51079	13.8
51081	25.5
51083	22.4
51085	21.9
51087	19.8
51089	10.2
51091	0.0
51093	14.5
51095	16.7
51097	0.0
51099	12.1
51101	24.4
51103	23.7
51105	0.0
51107	11.3
51109	20.2
51111	17.5
51113	0.0
51115	0.0
51117	20.2
51119	20.5
51121	15.3
51125	22.5
51127	18.2
51131	16.6
51133	20.6
51135	17.3
51137	15.4
51139	11.7
51141	0.0
51143	13.9
51145	12.8
51147	19.8
51149	18.8
51153	13.5
51155	12.6
51157	0.0
51159	0.0
51161	13.1
51163	15.0
51165	15.7
51167	14.5
51169	9.9
51171	18.6
51173	0.0
51175	19.9
51177	18.4
51179	18.9
51181	0.0
51183	23.8
51185	14.5
51187	9.9
51191	12.4
51193	0.0
51195	0.0
51197	18.8
51199	11.0
51510	9.2
51520	0.0
51530	0.0
51540	17.7
51550	19.4
51570	20.4
51580	0.0
51590	15.6
51595	0.0
51600	0.0
51610	0.0
51620	33.8
51630	20.1
51640	0.0
51650	18.0
51660	15.2
51670	22.0
51678	0.0
51680	17.0
51683	20.6
51685	0.0
51690	0.0
51700	13.0
51710	19.6
51720	0.0
51730	23.0
51735	21.6
51740	19.2
51750	0.0
51760	17.5
51770	16.3
51775	14.6
51790	15.2
51800	17.1
51810	17.1
51820	17.0
51830	0.0
51840	14.0
53001	0.0
53003	14.8
53005	17.1
53007	11.9
53009	18.8
53011	15.7
53013	0.0
53015	15.5
53017	13.5
53019	0.0
53021	11.3
53023	0.0
53025	18.5
53027	18.8
53029	14.7
53031	15.5
53033	13.9
53035	17.3
53037	9.2
53039	19.1
53041	17.2
53043	0.0
53045	16.5
53047	15.2
53049	20.9
53051	18.9
53053	19.2
53055	13.1
53057	15.5
53059	0.0
53061	16.6
53063	16.4
53065	14.7
53067	18.7
53069	0.0
53071	14.9
53073	15.4
53075	11.7
53077	14.1
54001	0.0
54003	18.8
54005	18.9
54007	22.3
54009	17.1
54011	25.8
54013	0.0
54015	0.0
54017	0.0
54019	21.1
54021	0.0
54023	0.0
54025	22.1
54027	20.1
54029	17.2
54031	0.0
54033	18.6
54035	19.4
54037	16.3
54039	19.5
54041	18.6
54043	22.9
54045	27.6
54047	14.5
54049	17.9
54051	20.1
54053	22.0
54055	17.0
54057	14.8
54059	30.0
54061	17.0
54063	19.1
54065	18.1
54067	18.1
54069	11.9
54071	0.0
54073	0.0
54075	0.0
54077	17.8
54079	19.5
54081	21.2
54083	20.1
54085	0.0
54087	15.3
54089	14.8
54091	21.6
54093	0.0
54095	0.0
54097	21.6
54099	21.5
54101	0.0
54103	15.5
54105	0.0
54107	21.0
54109	26.4
55001	19.3
55003	19.8
55005	12.9
55007	17.7
55009	18.9
55011	21.7
55013	14.9
55015	18.7
55017	15.3
55019	25.2
55021	22.4
55023	16.4
55025	17.5
55027	21.2
55029	18.6
55031	18.0
55033	16.9
55035	14.3
55037	0.0
55039	21.4
55041	24.7
55043	20.5
55045	11.8
55047	17.6
55049	16.8
55051	0.0
55053	16.2
55055	21.5
55057	20.8
55059	19.5
55061	22.6
55063	16.2
55065	16.7
55067	22.4
55069	29.2
55071	18.5
55073	18.4
55075	27.5
55077	21.6
55078	0.0
55079	18.0
55081	15.0
55083	20.4
55085	21.9
55087	16.8
55089	17.2
55091	0.0
55093	10.4
55095	11.4
55097	13.1
55099	17.4
55101	20.7
55103	0.0
55105	19.6
55107	20.7
55109	12.2
55111	16.9
55113	14.7
55115	22.4
55117	19.5
55119	13.6
55121	16.8
55123	20.5
55125	28.7
55127	20.7
55129	16.8
55131	19.0
55133	16.7
55135	18.0
55137	16.4
55139	18.3
55141	17.7
56001	0.0
56003	0.0
56005	10.7
56007	19.8
56009	21.5
56011	0.0
56013	15.9
56015	0.0
56017	0.0
56019	0.0
56021	16.9
56023	0.0
56025	17.3
56027	0.0
56029	12.0
56031	0.0
56033	10.6
56035	0.0
56037	11.5
56039	0.0
56041	17.1
56043	0.0
56045	0.0
